,0,1,2,3,4,5,6,7,8,9,10,11,12,13,14,15,16,17,18,19,20,21,22,23,24,25,26,27,28,29,30,31,32,33,34,35,36,37,38,39,40,41,42,43,44,45,46,47,48,49
0,Antonio,Narciso,Luna,Pedro,Novicio,Ancheta,Filipino,American,Artemio,Ricarte,Commanding,General,Army,Sharpshooters,Black,Guard,Senyor,Michael,Joaquin,three,Defense,Line,Manila,Cordillera.Despite,Republic,Aguinaldo,Cabinet,Nevertheless,Philippine,Medal,Malolos,Congress,Family,October,Calle,Urbiztondo,Binondo,seven,Joaqu,Posadas,Badoc,Laureana,Namacpacan,Union,Juan,Madrid,Escuela,Bellas,,
1,British,Asia,Holy,Roman,Empire,Africa,Angola,Kasanje,Kingdom,Kambolo,Ngonga,King,Kamweje,Kalunga,Mbumba,Kinguri,Malenge,Kitumba,Kwango,Kalanyi,Kiluanje,Kongo,Henrique,XIII,Peter,Portugal,Portuguese,Colony,Southwest,EuropeCameroon,Fondom,Bafut,Achirimbi,Abumbi,Bamum,Ngouhouo,Mfon,Ngoungoure,Nsangou,Duala,Priso,Chief,Mbape,Bele,Kamerun,German,African,,,
2,November,Alemanni,Rhine,Gaul,Emperor,Paris,Gallic,Otto,Gottschalk,Bishop,Freising,Ostarr,Berber,Sulayman,Hakam,Umayyad,Muhammad,Alcolea,Empress,Matilda,English,Stephen,Blois,England,Philip,France,Sinope,Seljuq,Turks,Union,Valencia,Jews,Murviedro,King,Pope,Julius,Sistine,Chapel,Michelangelo,Strait,Magellan,South,America,Pacific,Atlantic,Oceans,Ferdinand,Huguenots,Antarctique,
3,Wednesday,Monday,Julian,1890th,Common,Anno,Domini,890th,90th,1890s,January,March,Kingdom,Italy,Eritrea,Horn,Africa,Michigan,Mackinaw,Black,River,Persia,Corsica,Alice,Sanger,White,House,Ultimatum,United,Portugal,Portuguese,Mozambique,Angola,Sleeping,Beauty,Tchaikovsky,Imperial,Mariinsky,Theatre,Petersburg,Russia,Mine,Workers,America,Nellie,February,,,,
4,Cholera,Vibrio,Diarrhea,five,Food,Drug,Administration,Vaxchora,Rice,Zinc,Ringer,million,"28,800","130,000",seven,Areas,Africa,Southeast,Asia,Sanskrit,Europe,England,John,Snow,Signs,Severe,Kussmaul,Blood,Muscle,Cause,Transmission,Children,four,AIDS,F508,Binding,Virulent,TcpP,TcpH,ToxR,ToxS,ToxT,,,,,,,,
5,April,Battle,Megido,Vitellius,Bedriacum,Otho,Masada,Romans,First,Jewish,Roman,Stefan,Mighty,Emperor,Serbs,Skopje,Balkans,Revolt,Comuneros,Spain,Charles,Spanish,Hernando,Lerma,Salta,Argentina,Culloden,William,Augustus,Duke,Cumberland,Scotland,Highlands,Franz,Friedrich,Wilhelm,University,Revolutionary,Mount,Tabor,Napoleon,Ottoman,Turks,River,Jordan,Acre,United,States,Senate,
6,Giovanni,Segantini,Alps,Europe,Symbolist,Switzerland,Biography,Battista,Emanuele,Maria,Segatini,Arco,Trentino,County,Tyrol,Austro,Hungarian,Empire,Agostino,Margarita,Girardi,Lodovico,seven,Irene,Milan,Italy,Marchiondi,Reformatory,Napoleon,Brera,Academy,Scapigliatura,Carlo,Bugatti,Emilio,Longoni,Chancel,Sant,Antonio,Societ,Belle,Arti,Vittore,Grubicy,Dragon,Alberto,Anton,Mauve,,
7,Henry,Ware,Lawton,U.S.,Army,Civil,Apache,Wars,American,United,States,Oklahoma,General,Havana,Cuba,Liwasang,Bonifacio,Manila,Plaza,March,Maumee,Ohio,George,Catherine,December,Manley,Chapin,Fort,Wayne,Indiana,California,January,Birmingham,Sandusky,Andrew,Barney,Florence,Township,Marie,Iowa,Missouri,Methodist,Episcopal,College,President,Abraham,Lincoln,three,,
8,Wednesday,Monday,Julian,1890th,Common,Anno,Domini,890th,90th,1890s,January,March,Kingdom,Italy,Eritrea,Horn,Africa,Michigan,Mackinaw,Black,River,Persia,Corsica,Alice,Sanger,White,House,Ultimatum,United,Portugal,Portuguese,Mozambique,Angola,Sleeping,Beauty,Tchaikovsky,Imperial,Mariinsky,Theatre,Petersburg,Russia,Mine,Workers,America,Nellie,February,,,,
9,Empire,Imperial,Germany,Kaiserreich,Second,Reich,November,Revolution,January,Austria,April,Emperor,Wilhelm,King,Prussia,House,Hohenzollern,Berlin,Otto,Bismarck,Minister,President,Chancellor,Prussian,Confederation,Baden,Bavaria,Hesse,Franco,four,five,seven,three,Hanseatic,million,Nobel,Prizes,Europe,Continental,Britain,Royal,Navy,Weltpolitik,World,Kulturkampf,Scramble,,,,
10,Nokia,Bell,Labs,Telephone,Laboratories,Innovations,Murray,Hill,Jersey,United,States,Unix,SNOBOL,AMPL,Nine,Nobel,Prizes,Laboratories.Bell,System,Electric,Engineering,Department,West,Street,York,City,American,Telegraph,Company,Western,1960s,Alexander,Graham,Volta,Prize,"50,000",Laboratory,Washington,D.C.,Sumner,Tainter,Chichester,Bureau,Carriage,House,1889.In,N.W.,National,,
11,January,Battle,Bakhamra,Alids,Abbasids,Kufa,Alid,Ibrahim,Musa,Anabaptist,Movement,Conrad,Grebel,Felix,Manz,George,Blaurock,thousand,Affair,Placards,Protestant,Paris,Sweden,Prussia,Treaty,Stockholm,Teatro,Filarmonico,Verona,Abdul,Hamid,Sultan,Ottoman,Empire,Caliph,Islam,American,Power,Sympathy,Triumph,Nature,Founded,Truth,William,Hill,Brown,Boston,National,Convention,Louis
12,Arthur,Ignatius,Conan,Doyle,Sherlock,Holmes,Study,Scarlet,four,Watson,Professor,Challenger,Napoleonic,Brigadier,Gerard,Habakuk,Jephson,Statement,Mary,Celeste,Cathedral,Edinburgh,Michael,Library,Congress,Baker,Street,Journal,Picardy,Place,Scotland,Charles,Altamont,England,Irish,Catholic,Burton,Liberton,Bank,House,Gilmerton,Road,Newington,Academy.In,Crichton,Royal,,,,
13,British,Asia,Holy,Roman,Empire,Africa,Angola,Kasanje,Kingdom,Kambolo,Ngonga,King,Kamweje,Kalunga,Mbumba,Kinguri,Malenge,Kitumba,Kwango,Kalanyi,Kiluanje,Kongo,Henrique,XIII,Peter,Portugal,Portuguese,Colony,Southwest,EuropeCameroon,Fondom,Bafut,Achirimbi,Abumbi,Bamum,Ngouhouo,Mfon,Ngoungoure,Nsangou,Duala,Priso,Chief,Mbape,Bele,Kamerun,German,African,,,
14,August,Goguryeo,Liaoxi,Emperor,Yang,Liang,Manchurian,Barons,Battle,Evesham,Prince,Edward,Simon,Montfort,Earl,Leicester,First,James,Douglas,Weardale,England,Kasr,Kebir,Moroccans,Portuguese,King,Sebastian,Portugal,Cardinal,Henry,Date,Perignon,Great,Peace,Montreal,France,Nations,Gibraltar,Dutch,Admiral,George,Rooke,Archduke,Charles,,,,,,
15,Robert,LeRoy,Parker,Butch,Cassidy,Wild,Bunch,West,Pinkerton,Harry,Longabaugh,Sundance,Etta,Place,Argentina,Bolivia,Army,November,April,Beaver,Utah,Territory,Campbell,Gillies,Mormon,United,Kingdom,Salt,Lake,City,Tyneside,England,U.S.,July,Circleville,Mike,Rock,Springs,Wyoming,Criminal,Telluride,Colorado,Montana,Matt,Warner,June,,,,
16,Line,Philadelphia,Pennsylvania,Railroad,International,Navigation,United,States,York,City,Liverpool,Southampton,Sister,Star,America,Antwerp,Belgium,Clement,Griscom,Baltimore,Atlantic,Transport,Lines,American,White,Cunard,HAPAG,Inman,Mercantile,Marine,Company,Ships,Berlin,seven,Paris,Haverford,four,Merion,Illinois,Indiana,Kensington,Kroonland,Panama,Pacific,Pittsburgh,Pennland,,,,
17,April,Thutmose,Egypt,Hatshepsut,Traditional,Fall,Troy,Trojan,Library,Alexandria,Eratosthenes,Battle,Duke,Alba,Imperial,Charles,Spain,Schmalkaldic,League,Mary,Queen,Scots,Dauphin,France,Fran,Notre,Dame,Paris,British,Colonial,America,Boston,News,Letter,Jean,Paul,Marat,Revolutionary,Tribunal,Girondin,United,States,Congress,President,John,Adams,"5,000",Surat,India,
18,April,Lothair,King,Italy,Pope,Paschal,Fatimid,Egypt,Qa'im,Allah,Raqqada,Battle,Lake,Peipus,Alexander,Nevsky,Teutonic,Knights,Charles,Entry,Rome,Roman,Dutch,Hendrick,Brederode,Margaret,Parma,Petition,Compromise,Inquisition,Seventeen,Provinces,Virginia,Pocahontas,English,John,Rolfe,Mayflower,Plymouth,Massachusetts,England,United,States,President,George,Washington,Basel,France,,
19,Wednesday,Monday,Julian,1890th,Common,Anno,Domini,890th,90th,1890s,January,March,Kingdom,Italy,Eritrea,Horn,Africa,Michigan,Mackinaw,Black,River,Persia,Corsica,Alice,Sanger,White,House,Ultimatum,United,Portugal,Portuguese,Mozambique,Angola,Sleeping,Beauty,Tchaikovsky,Imperial,Mariinsky,Theatre,Petersburg,Russia,Mine,Workers,America,Nellie,February,,,,
20,Association,million,Laws,Game,International,Football,Board,FIFA,World,Women,Olympic,Games,Final,four,Uruguay,1980s,China,France,1.12,billion,UEFA,Champions,League,five,Premier,Liga,Bundesliga,Serie,Ligue,1.185,Oxford,University,England,Rugby,School,English,Great,Britain,Ulster,Ireland,Australia,Canada,South,Africa,United,States,,,,
21,November,Lothair,Abbey,Saint,Remi,West,Kingdom,Future,Byzantine,Romanos,Argyros,Battle,Posada,Voievode,Basarab,Plymouth,English,Parliament,Wilberforce,Monument,Kingston,Upon,Hull,Pudge,Heffelfinger,American,Allegheny,Athletic,Association,Abdur,Rahman,Khan,Durand,Line,Emirate,Afghanistan,Norway,Storting,First,Balkan,King,George,Greece,Thessaloniki,Ottoman,Robert,Scott,,,
22,John,Pierpont,Morgan,Wall,Street,Gilded,J.P.,United,States,19th,U.S.,Steel,International,Harvester,General,Electric,Aetna,Western,Union,Pullman,Company,Panic,American,Progressive,Wooldridge,America,Rome,Italy,Biographer,Chernow,million,Childhood,Hartford,Connecticut,Junius,Spencer,Juliet,Public,School,Episcopal,Academy,Cheshire,September,,,,,,,
23,August,Goguryeo,Liaoxi,Emperor,Yang,Liang,Manchurian,Barons,Battle,Evesham,Prince,Edward,Simon,Montfort,Earl,Leicester,First,James,Douglas,Weardale,England,Kasr,Kebir,Moroccans,Portuguese,King,Sebastian,Portugal,Cardinal,Henry,Date,Perignon,Great,Peace,Montreal,France,Nations,Gibraltar,Dutch,Admiral,George,Rooke,Archduke,Charles,,,,,,
24,British,Asia,Holy,Roman,Empire,Africa,Angola,Kasanje,Kingdom,Kambolo,Ngonga,King,Kamweje,Kalunga,Mbumba,Kinguri,Malenge,Kitumba,Kwango,Kalanyi,Kiluanje,Kongo,Henrique,XIII,Peter,Portugal,Portuguese,Colony,Southwest,EuropeCameroon,Fondom,Bafut,Achirimbi,Abumbi,Bamum,Ngouhouo,Mfon,Ngoungoure,Nsangou,Duala,Priso,Chief,Mbape,Bele,Kamerun,German,African,,,
25,February,Alaric,Visigoths,Breviary,Roman,Battle,Heath,King,Louis,France,Norse,Great,Heathen,Army,Saxony,Translatio,Pope,John,Otto,Holy,Emperor,Conrad,Burgundy,Lincoln,Stephen,England,Empress,Matilda,Terra,Mariana,Latvia,Estonia,Nine,Torda,Wars,Mortimer,Cross,Owen,Tudor,Spaniard,Pedro,Mendoza,Buenos,Aires,Argentina,Scotland,Three,Kingdoms,Inverlochy,
26,Wednesday,Monday,Julian,1890th,Common,Anno,Domini,890th,90th,1890s,January,March,Kingdom,Italy,Eritrea,Horn,Africa,Michigan,Mackinaw,Black,River,Persia,Corsica,Alice,Sanger,White,House,Ultimatum,United,Portugal,Portuguese,Mozambique,Angola,Sleeping,Beauty,Tchaikovsky,Imperial,Mariinsky,Theatre,Petersburg,Russia,Mine,Workers,America,Nellie,February,,,,
27,January,Emperor,Gratian,Flavius,Theodosius,Sirmium,Augustus,Roman,Empire,Conquest,Kucha,Tang,Ashina,She'er,Tarim,Basin,Xinjiang,Hundred,Years,Henry,England,Normandy,Duchy,Mirandola,Pope,Sten,Sture,Younger,Regent,Sweden,Battle,Bogesund,February,Agustin,Church,Manila,Philippines,Vanaja,Tavastia,John,Wilkes,House,Commons,Bolle,Willum,Luxdorph,Danish,Colonel,Poulsen,
28,Sibelius,Johan,Julius,Christian,December,September,Romantic,Finland,Russia,seven,Finlandia,Karelia,Suite,Valse,Violin,Concerto,Kullervo,Swan,Tuonela,Nordic,Kalevala,Jungfrun,Masonic,1920s,Symphony,Tempest,Tapiola,Finnish,Music,Helsinki,Life,Grand,Duchy,Russian,Empire,Gustaf,Maria,Charlotta,Sibbe,Eastern,Uusimaa,July,Katarina,Borg,Pehr,Ferdinand,Uncle,Loviisa,Julia,Linda
29,November,Alemanni,Rhine,Gaul,Emperor,Paris,Gallic,Otto,Gottschalk,Bishop,Freising,Ostarr,Berber,Sulayman,Hakam,Umayyad,Muhammad,Alcolea,Empress,Matilda,English,Stephen,Blois,England,Philip,France,Sinope,Seljuq,Turks,Union,Valencia,Jews,Murviedro,King,Pope,Julius,Sistine,Chapel,Michelangelo,Strait,Magellan,South,America,Pacific,Atlantic,Oceans,Ferdinand,Huguenots,Antarctique,
30,Westinghouse,Electric,Corporation,George,Manufacturing,Company,Viacom,April,Licensing,History,Pittsburgh,Pennsylvania,January,United,States,East,Lester,Hamilton,Ontario,Frank,Conrad,Benjamin,Garver,Lamme,Bertha,Oliver,Shallenberger,William,Stanley,Nikola,Tesla,Stephen,Timoshenko,Vladimir,Zworykin,Early,Thomas,Edison,Thomson,Houston,General,Financial,billion,Credit,Inc.,Power,Generation,,,
31,Otto,Prince,Bismarck,Count,Duke,Lauenburg,April,July,Eduard,Leopold,Junker,Prussia,Russia,France,Parliament,Germany,Chancellor,Empire,Kingdom,King,Wilhelm,three,Denmark,Austria,Confederation,German,Europe,Eric,Hobsbawm,twenty,Alsace,Lorraine,Germanophobia,Realpolitik,Iron,1870s,Catholic,Liberals,Church,Kulturkampf,Catholics,Centre,Party,Socialists,Lutheran,Emperor,Empress,Crown,Imperial,
32,Different,Anarchism,Social,Economic,Karl,Marx,Friedrich,Engels,1920s,Soviet,Union,Bloc,Britain,France,Sweden,Cold,Andrew,Vincent,Latin,Roman,Pierre,Leroux,Globe,Henri,Saint,Simon,Industrial,Revolution,Robert,Owen,Marie,Roch,Louis,Reybaud,Bolshevik,Vladimir,Lenin,Russia,Democratic,Labour,Party,Russian,Communist,Bolshevism,Leninism,Marxism,,,,
33,Orange,Free,State,Boer,Southern,Africa,Second,three,Vaal,United,Kingdom,Great,Britain,Ireland,River,Sovereignty,Resident,Bloemfontein,Griqua,Trekboere,Cape,Colony,Voortrekker,Republic,Natalia,Winburg,Potchefstroom,South,African,Transvaal,February,Convention,Republic.The,Treaty,Vereeniging,Union,Province,Natal,Africa.The,Dutch,House,Robert,Jacob,Gordon,History,First,Europeans,,,
34,Polyphase,Systems,Number,four,Scott,Motors,Induction,Galileo,Ferraris,Nikola,Tesla,Mikhail,Dolivo,Dobrovolsky,Once,York,State,Electric,115KV,93KV,1.732,Single,Delta,Phase,References,Further,Thompson,Chamberlain,,,,,,,,,,,,,,,,,,,,,,
35,July,Constantine,Bridge,Danube,Sucidava,Oescus,Roman,Theophilus,Patricius,Burgundian,Majorcan,Principality,Achaea,Battle,Manolada,Pedro,Lopes,Sousa,Kingdom,Kandy,Campaign,Danture,Lanka,John,Bristol,Newfoundland,Isaac,Newton,Philosophi,Naturalis,Principia,Mathematica,Chesma,Russian,Empire,Ottoman,Second,Continental,Congress,Olive,Branch,Petition,Convention,Artlenburg,Electorate,Hanover,Buenos,Aires,English,
36,League,Nations,January,Paris,Peace,Conference,World,April,United,Covenant,Europe,June,Part,Treaty,Versailles,Council,Assembly,November,U.S.,Woodrow,Wilson,Nobel,Prize,hundred,First,Allies,Powers,Second,Italo,Ethiopian,International,Cross,Crescent,Movement,Benito,Mussolini,September,February,1920s,Axis,1930s,States,Japan,Italy,Germany,Spain,Soviet,Union,Finland,
37,American,West,mainland,North,America,President,Thomas,Jefferson,Louisiana,Purchase,Manifest,Destiny,Frontier,Thesis,United,States,Civil,Census,Bureau,1890.By,Frederick,Jackson,Turner,Mississippi,River,Midwest,Texas,Great,Plains,Rocky,Mountains,Southwest,Coast,Enormous,Western,1850s,1910s,Hine,Faragher,Americans,Europeans,David,Murdoch,U.S.,East,1600s,Maine,Vermont,,
38,1880s,American,George,Eastman,Eadweard,Muybridge,Zoopraxiscope,January,Plate,Company,William,Walker,Jules,Marey,Hannibal,Goodwin,Louis,Prince,Roundhay,Garden,Scene,Leeds,Yorkshire,England,2.11,Thomas,Edison,Births,Film,History,,,,,,,,,,,,,,,,,,,,
39,Charles,Sumner,Tainter,Alexander,Graham,Bell,Chichester,Gardiner,Hubbard,Thomas,Edison,Graphophone,Dictaphone.Later,International,Graphopone,Company,West,Virginia,'Father,Talking,Machine,Biography,Watertown,Massachusetts,Alvan,Clark,Sons,Cambridge,U.S.,Navy,Venus,December,Zealand,Cambridgeport,Volta,Laboratory,Washington,D.C.,Bells,Lila,Munro,Dictaphone,Diego,California,Laura,Onderdonk,Fontaine,,,
40,October,Roman,Nerva,Guard,Marcus,Ulpius,Trajanus,Maxentius,Constantine,West,Byzantine,Empire,Arab,Smyrna,Beijing,Ming,Forbidden,City,Denmark,Ladislaus,Posthumous,Bohemia,Prague,Christopher,Columbus,Cuba,World,Japan,Ottoman,Mamluk,Mamluks,Egypt,Battle,Yaunis,Khan,Ferdinand,Magellan,Pacific,Ocean,Adal,Sultanate,Ethiopia,Universidad,Santo,Aquino,Dominican,Republic,,,
41,Sunday,Friday,Julian,1899th,Common,Anno,Domini,899th,99th,10th,1890s,January,Cuba,Americas,Staten,Island,York,City,Bolivia,Puerto,Alonso,Republic,Acre,Jakarta,Kota,Anyer,Kidul,Java,Batavia,Zuid,Tangerang,Hungarian,Prime,Minister,Dezs,U.S.,President,William,McKinley,December,Philippines,United,States,Manila,General,Elwell,Otis,,,
42,Marxism,Humans,Enlightenment,19th,Paris,Commune,Russian,Civil,Anarchism,Anarchist,Etymology,Ancient,Greek,English,Revolution,William,Godwin,Wilhelm,Weitling,Pierre,Joseph,Proudhon,1890s,France,United,States,Left,Additionally,History,China,Greece,Taoist,Zhuang,Zhou,Laozi,Alongside,Stoicism,Taoism,Aeschylus,Sophocles,Antigone,Europe,Muslim,Empire,Mazdak,Emperor,Kavad,,,
43,United,States,"5,280",English,"1,760",Commonwealth,"1,609.344",Roman,Romans,"5,000",Elizabethan,England,Empire,Geological,Survey,2022,International,System,Units,Liberia,Kingdom,million,Middle,Germanic,Parliament,Foreign,Antonine,Itinerary,Abbreviation,National,Institute,Standards,Technology,Historical,"1,000",Well,Agrippa,Imperial,"1,618",Hellenic,Byzantine,Milion,Mese,Hagia,Sophia,Europe,Forum,,,
44,November,Alemanni,Rhine,Gaul,Emperor,Paris,Gallic,Otto,Gottschalk,Bishop,Freising,Ostarr,Berber,Sulayman,Hakam,Umayyad,Muhammad,Alcolea,Empress,Matilda,English,Stephen,Blois,England,Philip,France,Sinope,Seljuq,Turks,Union,Valencia,Jews,Murviedro,King,Pope,Julius,Sistine,Chapel,Michelangelo,Strait,Magellan,South,America,Pacific,Atlantic,Oceans,Ferdinand,Huguenots,Antarctique,
45,Nikola,Tesla,American,Empire,1870s,1880s,Continental,Edison,United,States,Machine,Works,York,City,Westinghouse,Electric,1890s,Colorado,Springs,Wardenclyffe,Tower,1910s,1920s,January,General,Conference,Weights,Measures,1990s,Smiljan,Military,Frontier,July,June,Milutin,Eastern,Orthodox,Church.Tesla,Mandi,Church,Serbia,Montenegro.Tesla,five,three,Milka,Angelina,Marica,Dane,,
46,London,England,United,Kingdom,million,River,Thames,North,City,Romans,Londinium,Westminster,Middlesex,Essex,Surrey,Kent,Hertfordshire,Greater,Authority.As,Europe,2021,Imperial,College,School,Economics,University,Underground,13.4,Built,Area,four,World,Heritage,Tower,Gardens,Palace,Abbey,Margaret,Church,Greenwich,Royal,Observatory,Mean,Time,Buckingham,,,,,
47,Charles,Proteus,Steinmetz,Union,College,United,States,Forger,Thunderbolts,Wizard,Schenectady,IEEE,Award,Institute,Electrical,Electronics,Engineers,Karl,August,Rudolph,April,Breslau,Province,Silesia,Prussia,Caroline,Heinrich,Lutheran,Evangelical,Church,four,Johannes,Gymnasium,University,Germany,Cornell,Professor,Ronald,Kline,Socialist,Odyssey,Americans,Technical,Alliance,Thorstein,Veblen,Leland,Olds,three,Rudolf
48,July,Constantine,Bridge,Danube,Sucidava,Oescus,Roman,Theophilus,Patricius,Burgundian,Majorcan,Principality,Achaea,Battle,Manolada,Pedro,Lopes,Sousa,Kingdom,Kandy,Campaign,Danture,Lanka,John,Bristol,Newfoundland,Isaac,Newton,Philosophi,Naturalis,Principia,Mathematica,Chesma,Russian,Empire,Ottoman,Second,Continental,Congress,Olive,Branch,Petition,Convention,Artlenburg,Electorate,Hanover,Buenos,Aires,English,
49,Napoleonic,Wars,Congress,Vienna,First,World,Paris,Peace,Conference,Important,Great,Britain,United,States,France,Prussia,Germany,Italy,Japan,Scramble,Africa,1880s,1890s,Royal,Navy,Russia,Ottoman,Empire,Balkan,five,Austria,Powers,Romania,Bulgaria,Serbia,Montenegro,Europe,Triple,Entente,Alliance,Hungary,Central,Neutrality,Belgium,Netherlands,Luxembourg,Denmark,Sweden,Norway,
50,Helium,United,States,Semi,Count,Luftschiffbau,1940s,R101,France,U.S.,Navy,Akron,Macon,Hindenburg,1960s,Terminology,Airship,Frederick,Handley,Page,1930s,Aerostat,"3,000",Platform,Wireless,International,Corporation,"1,250",Brazil,European,Union,ABSOLUTE,Henri,Giffard,September,Goodyear,Blimp,Later,Company,Luftschiff,Hybrid,Classification,Airships,Rigid,Construction,,,,,
51,Sunday,Friday,Julian,1899th,Common,Anno,Domini,899th,99th,10th,1890s,January,Cuba,Americas,Staten,Island,York,City,Bolivia,Puerto,Alonso,Republic,Acre,Jakarta,Kota,Anyer,Kidul,Java,Batavia,Zuid,Tangerang,Hungarian,Prime,Minister,Dezs,U.S.,President,William,McKinley,December,Philippines,United,States,Manila,General,Elwell,Otis,,,
52,Enclave,Vatican,City,Marino,Italy,Lesotho,South,Africa,Azerbaijani,Nakhchivan,Semi,Pene,Point,Roberts,Washington,Minnesota,Northwest,Angle,Kleinwalsertal,Vorarlberg,Austria,Germany,Origin,Latin,Treaty,Madrid,1526.,Later,English,India,Characteristics,Europe,Holy,Roman,Empire,Prior,Prussia,August,Bangladesh,Land,Boundary,Agreement,Indo,Dahagram,Angarpota,Netherlands,Belgium,Baarle,,
53,Alexander,Graham,Bell,American,Telephone,Telegraph,Company,1885.Bell,U.S.,March,National,Geographic,Society,January,Edinburgh,Scotland,South,Charlotte,Street,Melville,James,Edward,Charles,Eliza,Grace,Born,11th,Aleck,Herdman,John,London,Dublin,Standard,Elocutionist,million,United,States,Speech,Latin,Scottish,Gaelic,Sanskrit,Royal,High,School,four,Harrington,Square,Weston,
54,Wednesday,Monday,Julian,1890th,Common,Anno,Domini,890th,90th,1890s,January,March,Kingdom,Italy,Eritrea,Horn,Africa,Michigan,Mackinaw,Black,River,Persia,Corsica,Alice,Sanger,White,House,Ultimatum,United,Portugal,Portuguese,Mozambique,Angola,Sleeping,Beauty,Tchaikovsky,Imperial,Mariinsky,Theatre,Petersburg,Russia,Mine,Workers,America,Nellie,February,,,,
55,November,Emperor,Zeno,Byzantine,Empire,Bian,Yang,State,Southern,Tang,Fourth,Crusade,Pope,Innocent,Catholic,Zara,Raden,Wijaya,Majapahit,Java,Kertarajasa,Jayawardhana,Battle,Varna,King,Poland,Turks,Sultan,Murad,Bloodbath,Duke,Charles,Great,Square,Turku,Sigismund,Cudgel,Chattrapati,Shivaji,Maharaj,Maratha,Afzal,Khan,Adilshahi,Pratapgarh,Third,,,,
56,History,IEEE,Milestones,Institute,Electrical,Electronics,Engineers,Prior,Leyden,Ewald,Georg,Kleist,Pieter,Musschenbroek,Book,Experiments,Observations,Electricity,Benjamin,Franklin,London,Alessandro,Volta,Battery,Nicholas,Callan,Science,Technology,Pavel,Schilling,Practical,Telegraphy,Demonstration,Electric,Fire,Alarm,System,Heinrich,Geissler,Maxwell,Transcontinental,Telegraph,Landing,Transatlantic,Cable,County,Kerry,Stations,First,Voice
57,Pierre,Marie,Ernest,Waldeck,Rousseau,Republican,29th,Prime,Minister,France,Nantes,Brittany,Constituent,Assembly,Loire,Poitiers,Paris,January,Jules,Nazaire,September,National,Defence,Third,Republic,Rennes,Chamber,Deputies,Union,Gambetta.The,Catholic,Ferry,Gambetta,Capital,Martin,Feuill,Alexandre,Lacassagne,Gustave,Eiffel,Panama,Faure,Henri,Brisson,Conservatives,,,,,
58,Colorado,Springs,Paso,County,United,States,"478,961",2020,Census,15.02,40th,Metropolitan,Statistical,Area,Front,Range,Urban,Corridor,Fountain,Creek,Denver,"6,035",Pikes,Peak,"14,115",Southern,Rocky,Mountains,History,Arapaho,Cheyenne,Louisiana,Purchase,Kansas,Territory,Jefferson,October,November,City,Camp,August,Gold,Rush,Golden,England,Little,London,Company,Font,Colony
59,April,Lothair,King,Italy,Pope,Paschal,Fatimid,Egypt,Qa'im,Allah,Raqqada,Battle,Lake,Peipus,Alexander,Nevsky,Teutonic,Knights,Charles,Entry,Rome,Roman,Dutch,Hendrick,Brederode,Margaret,Parma,Petition,Compromise,Inquisition,Seventeen,Provinces,Virginia,Pocahontas,English,John,Rolfe,Mayflower,Plymouth,Massachusetts,England,United,States,President,George,Washington,Basel,France,,
60,International,System,Units,Established,General,Conference,Weights,Measures,seven,Twenty,Planck,Boltzmann,Avogadro,Prior,Prototype,Metre,Convention,Introduction,United,States,Canada,Kingdom,three,Nevertheless,Imperial,CGPM,Consultative,Committee,Bureau,Overview,80000,'kilo,1024.,299792458,BIPM,CIPM,,,,,,,,,,,,,,
61,June,Quan,Eastern,Saint,Sabas,Battle,Trapani,Venetians,Mocl,Emirate,Granada,Kingdom,Castile,Flemish,Athis,Orge,First,Bannockburn,Henry,VIII,England,Francis,France,Treaty,Closer,Amity,Charles,Holy,Roman,Emperor,Dragut,Ottoman,Great,Siege,Malta,Action,Faial,Azores,Cinco,Chagas,English,Hudson,seven,William,Penn,Lenni,Lenape,Indians,,
62,Djibouti,Republic,Horn,Africa,Somalia,Ethiopia,Eritrea,Gulf,Aden,"23,200",Somaliland,Land,Punt,Nearby,Zeila,Adal,Ifat,Sultanates,Somali,Dire,Dawa,Ogaden,Territory,Afars,Issas,United,Nations,1990s,"920,000",Arabic,Afar,Islam,thousand,Somalis,Cushitic,Afroasiatic,Ocean,Intergovernmental,Authority,Development,City,Yibuuti,Jabuuti,Tehuti,Thoth,Moon,,,,
63,September,Battle,Marathon,Athenians,Greece,Xiaowudi,Jianwendi,Emperor,Eastern,Simon,Montfort,Earl,Leicester,Peter,Aragon,Muret,Portop,James,Santa,Majorca,First,Siege,Gibraltar,Reconquista,Kingdom,Castile,Emirate,Granada,Henry,Hudson,River,Halve,Maen,Valletta,Malta,Austro,Ottoman,Vienna,Empire,Sultanate,Sulu,Balambangan,Island,East,India,Company,North,,,
64,Oklahoma,Choctaw,Oklahumma,Cherokee,Okalahoma,South,Central,United,States,Texas,Kansas,Missouri,Arkansas,Mexico,Colorado,Upland,28th,Oklahomans,City,Sooner,State,Territory,Appropriations,American,46th,November,Great,Plains,Cross,Timbers,Interior,Highlands,three,Historically,Americans,Mississippi,River,five,Oklahoma.A,Tulsa,Etymology,Nation,Chief,Allen,Wright,Indian,Superintendent,,,
65,February,Alaric,Visigoths,Breviary,Roman,Battle,Heath,King,Louis,France,Norse,Great,Heathen,Army,Saxony,Translatio,Pope,John,Otto,Holy,Emperor,Conrad,Burgundy,Lincoln,Stephen,England,Empress,Matilda,Terra,Mariana,Latvia,Estonia,Nine,Torda,Wars,Mortimer,Cross,Owen,Tudor,Spaniard,Pedro,Mendoza,Buenos,Aires,Argentina,Scotland,Three,Kingdoms,Inverlochy,
66,1890s,1880s,Thomas,Edison,George,Westinghouse,Electric,Light,Company,June,Harold,Brown,York,Both,Thomson,Houston,City,General,three,World,Niagara,Falls,Brush,December,Broadway,"3,500",Illuminating,United,States,Europe,Alternating,Guillaume,Duchenne,Gramme,Ganz,Works,Ziani,Ferranti,Lucien,Gaulard,Galileo,Ferraris,Pavel,Yablochkov,John,Dixon,Gibbs,Z.B.D,,
67,Harry,Bates,Royal,Academy,A.R.A,Workers,Guild,Sculpture,Biography,April,Stevenage,Hertfordshire,Farmer,Brindley,London,South,School,Technical,Jules,Dalou,Kensington,Socrates,People,Agora,Paris,Rodin,three,Chantrey,Bequest,Britain.Bates,Britain,Aeneas,Homer,Psyche,Rhodope,Hounds,Leash,Pandora,Summer,Exhibition,Bequest.One,Queen,Victoria,Albert,Square,Dundee,January,Hall,Road,
68,Antonio,Santi,Giuseppe,Meucci,Garibaldi,Italy,Staten,Island,York,U.S.,Patent,Office,Alexander,Graham,Bell,Ministry,Cultural,Heritage,Activities,Inventore,House,Representatives,Senate,Serragli,Frediano,Florence,First,French,Empire,April,nine,Amatis,Domenica,Pepi,Four,November,Academy,Fine,Arts,Florentine,Marie,Anna,Saxony,Leopold,Grand,Duke,,,,
69,Columbia,College,University,Morningside,Heights,Manhattan,York,City,Church,England,King,George,Great,Britain,United,States,U.S.,News,World,Report,2021,Core,Curriculum,History,Province,Trinity,Wall,Street,Samuel,Johnson,Latin,Park,Place,Hall,Bard,Physicians,Surgeons,Doctor,Medicine,America,Revolutionary,Alexander,Hamilton,General,Washington,Federalist,Papers,,,
70,Nikola,Tesla,American,Empire,1870s,1880s,Continental,Edison,United,States,Machine,Works,York,City,Westinghouse,Electric,1890s,Colorado,Springs,Wardenclyffe,Tower,1910s,1920s,January,General,Conference,Weights,Measures,1990s,Smiljan,Military,Frontier,July,June,Milutin,Eastern,Orthodox,Church.Tesla,Mandi,Church,Serbia,Montenegro.Tesla,five,three,Milka,Angelina,Marica,Dane,,
71,World,Chess,Championship,Magnus,Carlsen,Norway,2013.The,Wilhelm,Steinitz,Johannes,Zukertort,Alexander,Alekhine,FIDE,three,Garry,Kasparov,Champion,2020,2021,COVID,2023,Viswanathan,Anand,2022,Candidates,Tournament,Nepomniachtchi,Russia,Ding,Liren,China,Fischer,Random,History,Segura,Paolo,Leonardo,Cutri,Alessandro,Salvio,Gioachino,Greco,18th,19th,,,,,
72,Sunday,Friday,Julian,1888th,Common,Anno,Domini,888th,88th,1880s,Germany,Three,Emperors,Roman,2388,2888,January,March,Lick,Observatory,California,Schoolhouse,Blizzard,Dakota,Territory,Montana,Minnesota,Nebraska,Kansas,Texas,National,Geographic,Society,Washington,D.C.,Amateur,Athletic,Union,William,Buckingham,Curtis,United,States,Lawn,Tennis,Association,England,February,,
73,John,Napier,Merchiston,Marvellous,Laird,Ioannes,Neper,Tower,Edinburgh,University,Cuthbert,Life,Archibald,Castle,Janet,Bothwell,Francis,Adam,Bishop,Orkney,Salvator,College,Andrews,Reformation,Protestants,Scotland,mainland,Europe,December,France,Flanders,Greek,Paris,Geneva,Gartness,Borthwick,Close,Royal,Mile,June,Secret,Giles,Parliament,House,Cuthbert's.Many,Mirifici,Logarithmorum,Canonis,Descriptio,
74,Kansas,City,Missouri,2020,"508,090",36th,United,States,metropolitan,"2,392,035",Jackson,County,Clay,Cass,Platte,1830s,River,June,Territory,Downtown,Rivers,319.03,23rd,Satellite,Independence,Blue,Springs,Summit,Overland,Park,Olathe,Lenexa,Market,District,18th,Vine,Country,Club,Plaza,Vaudevillian,Orpheum,1920s,Chiefs,Royals,History,March,Antioch,Christian,,
75,Benjamin,Garver,Lamme,Westinghouse,Nikola,Tesla,Niagara,Falls,Manhattan,Elevated,Railway,York,City,Biography,Springfield,Ohio,January,Olive,Branch,High,School,Carlisle,State,University,Philadelphia,Natural,Company,Pittsburgh,Electric,Charles,Scott,eight,Gyroscopic,Rotary,Converter,Type,Induction,Motor,5000,Adams,Power,Plant,Bertha,Feicht,Operation,Buffalo,1896.Lamme,Exposition,Chicago,
76,July,Siege,Jerusalem,Vespasian,Fortress,Antonia,Temple,Mount,Roman,Zealots,Kardam,Bulgaria,Byzantine,Emperor,Constantine,Battle,Marcellae,Rollo,Chartres,Richard,England,Duke,Normandy,Germano,Holy,Frederick,Pope,Gregory,Dominican,Guala,Kellistown,English,Roger,Mortimer,Earl,March,O'Byrnes,O'Tooles,Murchadha,Caomh,Chieftain,Leinster,Ottoman,Timurid,Ankara,Timur,Empire,Bayezid,,
77,June,Zhongdu,Jurchen,Emperor,Xuanzong,Mongols,Genghis,Khan,Battle,Alfonso,Castile,Residents,Riga,Grand,Duchy,Lithuania,Order,Turaida,John,Scotch,Anne,Boleyn,Queen,England,Charles,Ottomans,Tunis,Conquest,Roundheads,Maidstone,English,Civil,Start,Sumuroy,Revolt,Northern,Samar,Agustin,Dover,Louis,France,Secret,Treaty,Third,Anglo,Dutch,Baltic,,,
78,December,Pepin,Herstal,Jupille,Theudoald,Plectrude,Kingdom,Lushan,Chancellor,Yang,Guozhong,Yanjing,Rebellion,Tang,China,Hundred,Years,Henry,England,King,France,Notre,Dame,Paris,Vasco,Gama,Great,Fish,River,Africa,Bartolomeu,Dias,Portugal,8.5Mw,Valdivia,Chile,Year,Battle,Noryang,Seven,Korean,Interregnum,Oliver,Cromwell,Lord,Protector,Commonwealth,Scotland,Ireland,Convention
79,United,States,Incumbents,Government,President,William,McKinley,Vice,Garret,Hobart,Chief,Justice,Melville,Fuller,Speaker,House,Representatives,Thomas,Brackett,Reed,David,Henderson,Congress,55th,56th,January,Queens,Staten,Island,York,City,Kappa,Epsilon,Illinois,Wesleyan,University,Bloomington,Wake,February,American,Manila,Spain,Senate,U.S.,Philippines,Samoa,Guam,Puerto,,
80,June,Battle,Flavius,Aetius,Attila,Romans,First,Genpei,Japan,Thirty,Years,Sack,Baltimore,Tarhoncu,Ahmed,Pasha,Grand,Vizier,Ottoman,Empire,Monmouth,Rebellion,James,Scott,Duke,King,England,Bridgwater,Black,Hole,Calcutta,U.S.,Congress,Seal,United,States,Oliver,Ellsworth,Federal,Convention,Deputies,Third,Estate,Tennis,Court,Oath,Louis,,,
81,Edison,Machine,Works,1880s,Thomas,York,City,History,Menlo,Park,Etna,Iron,Goerck,Street,Lower,Manhattan,Charles,Batchelor,Dean,Pearl,Station,John,Kruesi,Samuel,Insull,Electric,Tube,Company,Shafting,Manufacturing,Schenectady,McQueen,Locomotive,General,Thomson,Houston,Lynn,Massachusetts,Justus,Entz,Reginald,Fessenden,Kunihiko,Iwadare,Emil,Kolben,Lieb,Nikola,Tesla,
82,Rome,Renaissance,Siege,Cuzco,Incan,Spanish,King,Henry,VIII,English,Bibles,Great,Bible,Francis,Xavier,India,Dutch,Coevorden,Restoration,Army,Richard,Cromwell,Lord,Protector,Commonwealth,Rump,Parliament,Louis,France,Palace,Versailles,Battle,Prague,Seven,Years,Konbaung,Hanthawaddy,Burmese,Civil,Christopher,Smart,Luke,Hospital,Lunatics,London,,,,,
83,Robert,France,Henry,King,Franks,Siege,Nicaea,First,Crusade,Battle,Lewes,England,Mise,Simon,Montfort,Agnadello,Italy,Republic,Venice,James,Fort,Jamestown,Virginia,Americas,Protestant,Union,Catholic,Church,zealot,Fran,Ravaillac,Louis,XIII,Four,Admiral,George,Anson,Cape,Finisterre,Edward,Jenner,United,States,Congress,Philadelphia,Washington,,,,
84,Sunday,Friday,Julian,1888th,Common,Anno,Domini,888th,88th,1880s,Germany,Three,Emperors,Roman,2388,2888,January,March,Lick,Observatory,California,Schoolhouse,Blizzard,Dakota,Territory,Montana,Minnesota,Nebraska,Kansas,Texas,National,Geographic,Society,Washington,D.C.,Amateur,Athletic,Union,William,Buckingham,Curtis,United,States,Lawn,Tennis,Association,England,February,,
85,June,Battle,Flavius,Aetius,Attila,Romans,First,Genpei,Japan,Thirty,Years,Sack,Baltimore,Tarhoncu,Ahmed,Pasha,Grand,Vizier,Ottoman,Empire,Monmouth,Rebellion,James,Scott,Duke,King,England,Bridgwater,Black,Hole,Calcutta,U.S.,Congress,Seal,United,States,Oliver,Ellsworth,Federal,Convention,Deputies,Third,Estate,Tennis,Court,Oath,Louis,,,
86,Sweden,Kingdom,Northern,Europe,Scandinavia,Norway,Finland,Denmark,"450,295",European,Union,Stockholm,10.5,million,25.5,Swedes,Scandes,Baltic,Snow,Germanic,Geats,Norsemen,Black,Death,Hanseatic,League,Kalmar,Thirty,Years,Protestant,Empire,Peninsula,18th,19th,Russia,Switzerland,U.S.,Cold,NATO,2022,Summit,Madrid.Sweden,Riksdag,Nordic,12th,January,Eurozone,United,,
87,Alexandra,Feodorovna,Princess,Alix,Hesse,Rhine,Empress,Russia,Emperor,Nicholas,November,March,Queen,Victoria,United,Kingdom,Alexei,Nikolaevich,Tsarevich,Grigori,Rasputin,Romanov,Bolshevik,Revolution,Orthodox,Church,Saint,Passion,Bearer,Appearance,Anna,Vyrubova,Baroness,Sophie,Buxhoeveden,Pierre,Gilliard,Tsarina,Imperial,Grand,Duke,Constantine,Constantinovich,Nadine,Wonar,Larsky,Wonlar,Marie,Bariatinsky,
88,Cathedral,John,Divine,Episcopal,Diocese,York,Amsterdam,Avenue,Morningside,Heights,Manhattan,City,West,110th,Street,113th,Byzantine,Revival,Romanesque,Gothic,"121,000",Leake,Watts,Orphan,Asylum,Building,Faith,House,Choir,School,Deanery,Bishop,Landmarks,Preservation,Commission,History,Context,Site,Dutch,Bloomingdale,Insane,Columbia,University,116th,State,Legislature,three,Road,,
89,June,Roman,Nepotianus,Constantinian,Rome,Byzantine,Philippicus,Opsikion,Thrace,Anastasios,five,First,Crusade,Crusaders,Antioch,Peter,Abelard,Treaty,Novgorod,Russia,Norway,Finnmark,Hernando,Soto,Florida,Spain,Battle,Sesimbra,Samuel,Champlain,Tadoussac,Quebec,France,West,India,Company,Netherland,Pope,Alexander,Fran,Laval,James,Stuart,Duke,York,Dutch,Lowestoft,Jack,,
90,January,December,Slavery,Europe,Americas,Industrial,Revolution,Countries,Rhineland,Northern,Italy,Northeastern,United,States,Second,Islamic,South,Asia,Southeast,Africa,Mughal,France,Napoleonic,Wars,Russia,Central,Caucasus,Ottomans,Westernization,Tanzimat,Middle,East,Balkans,North,Maratha,Sikh,India,Company,Rebellion,Crown,Britain,Canada,Australia,Britannica,Morse,,,,,
91,Lasc,Catargiu,Catargi,November,April,March,Moldavia,Prince,Matei,Basarab,Biography,Born,Grigore,Ghica,Divan,Treaty,Paris,Wallachia,Conservatives,Domnitor,Alexandru,Ioan,Cuza,Opposition,Barbu,Bucharest,June,Carol,President,Council,Ministers,Rosetti,July,eight,Liberals,Interior,seven,Emanuel,Florescu,December,Chisholm,Hugh,Lascar,Encyclop,Britannica,Cambridge,University,,,
92,Mihajlo,Idvorski,Pupin,Michael,United,States,National,Advisory,Committee,Aeronautics,March,NASA,Mathematical,Society,American,Physical,Pulitzer,Prize,Institute,Electrical,Engineers,York,Academy,Sciences,Radio,America,Association,Advancement,Science,Serbia,Kingdom,Serbs,Croats,Slovenes,Serb,October,Idvor,Banat,Military,Frontier,Empire,From,Immigrant,Inventor,Knowledge,Serbian,Orthodox,German,Perlez,
93,Austria,Hungary,Austro,Hungarian,Empire,Dual,Monarchy,Central,Europe,Compromise,Prussian,First,World,House,Habsburg,"621,538",United,States,Germany,Kingdom,Empire.At,Cisleithania,Austrian,Croatia,Slavonia,Settlement,Bosnia,Herzegovina,Powers,Serbia,July,Villa,Giusti,November,Republic,West,Slavs,South,Czechoslovak,Second,Polish,Yugoslavia,Romania,Italy,Formation,Peninsula,Confederation,Prussia,,
94,Wednesday,Monday,Julian,1890th,Common,Anno,Domini,890th,90th,1890s,January,March,Kingdom,Italy,Eritrea,Horn,Africa,Michigan,Mackinaw,Black,River,Persia,Corsica,Alice,Sanger,White,House,Ultimatum,United,Portugal,Portuguese,Mozambique,Angola,Sleeping,Beauty,Tchaikovsky,Imperial,Mariinsky,Theatre,Petersburg,Russia,Mine,Workers,America,Nellie,February,,,,
95,Frank,Julian,Sprague,Father,Electric,Traction,Naval,Academy,Milford,Connecticut,David,Cummings,Frances,Julia,King,York,Drury,High,School,North,Adams,Massachusetts,Springfield,West,Point,four,United,States,Annapolis,Maryland,Career,Navy,Richmond,Minnesota,Asia,Boston,Herald,Newport,Rhode,Island,Lancaster,European,Squadron,International,Exposition,Electricity,Paris,Crystal,,
96,American,West,mainland,North,America,President,Thomas,Jefferson,Louisiana,Purchase,Manifest,Destiny,Frontier,Thesis,United,States,Civil,Census,Bureau,1890.By,Frederick,Jackson,Turner,Mississippi,River,Midwest,Texas,Great,Plains,Rocky,Mountains,Southwest,Coast,Enormous,Western,1850s,1910s,Hine,Faragher,Americans,Europeans,David,Murdoch,U.S.,East,1600s,Maine,Vermont,,
97,Francis,Marion,Crawford,Italy,Bagni,Lucca,Grand,Duchy,Tuscany,August,American,Thomas,Louisa,Cutler,Ward,Mary,Fraser,Julia,Howe,Luther,Terry,Margaret,Winthrop,Astor,Chanler.He,Paul,School,Concord,Hampshire,Cambridge,University,Heidelberg,Rome.In,India,Sanskrit,Allahabad,Herald,America,February,Harvard,Critic,Isabella,Stewart,Boston,Schubert,January,George,Henschel,,
98,August,Pope,Eugene,Martinus,Battle,Lechfeld,Otto,Holy,Roman,Emperor,Magyars,Magyar,West,Maldon,English,Byrhtnoth,Ealdorman,Essex,Azaz,Byzantine,Romanos,Argyros,Mirdasid,Aleppo,Yekuno,Amlak,Ethiopia,Solomonic,Zagwe,Athenry,Bruce,Ireland,Jaume,Ferrer,Majorca,River,Gold,Senegal,Saint,Mathieu,League,Cambrai,Breton,Cordeli,Regent,Ferdinand,Magellan,five,Seville,
99,June,Roman,Nepotianus,Constantinian,Rome,Byzantine,Philippicus,Opsikion,Thrace,Anastasios,five,First,Crusade,Crusaders,Antioch,Peter,Abelard,Treaty,Novgorod,Russia,Norway,Finnmark,Hernando,Soto,Florida,Spain,Battle,Sesimbra,Samuel,Champlain,Tadoussac,Quebec,France,West,India,Company,Netherland,Pope,Alexander,Fran,Laval,James,Stuart,Duke,York,Dutch,Lowestoft,Jack,,
100,John,Pierpont,Morgan,Wall,Street,Gilded,J.P.,United,States,19th,U.S.,Steel,International,Harvester,General,Electric,Aetna,Western,Union,Pullman,Company,Panic,American,Progressive,Wooldridge,America,Rome,Italy,Biographer,Chernow,million,Childhood,Hartford,Connecticut,Junius,Spencer,Juliet,Public,School,Episcopal,Academy,Cheshire,September,,,,,,,
101,September,Agnes,Poitou,Andrew,Hungary,Burgenland,Battle,Fulford,Harald,Hardrada,Morcar,Edwin,Saladin,Siege,Jerusalem,Great,Uprising,Prussians,Teutonic,Knights,Cardinal,Robert,Geneva,Pope,Clement,Papal,Nankai,Buddha,toku,Ferdinand,Magellan,Sanl,Barrameda,Babington,Plot,Dutch,Grave,Maurice,Orange,Treaty,Ryswick,France,England,Spain,Holy,Roman,Empire,Republic,Nine,Years
102,John,Philip,Sousa,American,March,King,Kenneth,Alford,Stars,Stripes,Forever,Semper,Fidelis,Liberty,Bell,Thunderer,Washington,Post,Esputa,George,Felix,Benkert,United,States,Marine,Band,five,David,Blakely,Gilmore,World,Naval,Reserve,Illinois,1920s,D.C.,Spain,Portuguese,Maria,Elisabeth,Trinkhaus,Bavaria,Album,Leaf,Corps,21st,,,,
103,Lyric,Theatre,Shaftesbury,Avenue,City,Westminster,Henry,Leslie,Dorothy,December,four,Mountebanks,Duchess,Dantzig,Chocolate,Soldier,Lilac,Time,Later,Irma,Douce,Robert,Elizabeth,John,Paul,George,Ringo,Bert,Blood,Brothers,Five,Guys,Named,Thriller,Live,Shakespeare,O'Neill,Strindberg,Coward,Terence,Rattigan,Alan,Ayckbourn,Bennett,Marie,Tempest,Johnston,Forbes,Robertson,Eleonora
104,June,Constantine,eight,Wise,Byzantine,Empire,Patriarch,Nicholas,Mystikos,Alexander,M8.2,Mustang,Tibet,Nepal,Kathmandu,Indo,Gangetic,Battle,Novara,Wars,Swiss,Louis,Milan,Duke,Massimiliano,Sforza,Gustav,Vasa,King,Sweden,Kalmar,Union,Queen,Christina,Charles,Catholicism,Years,Siege,Havana,Stoney,Creek,John,Vincent,William,,,,,,
105,Princess,Miriam,Likelike,Kingdom,King,Queen,Lili,Europe,Theo,Davies,Government,Hawaii,Archibald,Scott,Cleghorn,Sanford,Dole,United,States,Washington,D.C.,President,Grover,Cleveland,First,Lady,Frances,Father,European,England,Wales,Scotland,Paris,Hawaiian,Organic,1890s,Honolulu,Victoria,Lunalilo,Kalaninuiahilapalapa,Story,Anna,Kamehameha,Charles,Kana,,,,,
106,Marie,Fran,Sadi,Carnot,President,France,Hippolyte,Limoges,Haute,Vienne,Nicolas,Persian,Shiraz,Lazare,Directory,Revolution,Polytechnique,Ponts,Chauss,Eure,Calvados,Seine,January,National,Assembly,Opportunist,Republican,Gauche,August,September,April,Ferry,Freycinet,December,Daniel,Wilson,Jules,Georges,Clemenceau,General,Boulanger.President,Boulanger,Paris,Exhibition,Semitism,Panama,Franco,Alliance,,
107,Arthur,Ignatius,Conan,Doyle,Sherlock,Holmes,Study,Scarlet,four,Watson,Professor,Challenger,Napoleonic,Brigadier,Gerard,Habakuk,Jephson,Statement,Mary,Celeste,Cathedral,Edinburgh,Michael,Library,Congress,Baker,Street,Journal,Picardy,Place,Scotland,Charles,Altamont,England,Irish,Catholic,Burton,Liberton,Bank,House,Gilmerton,Road,Newington,Academy.In,Crichton,Royal,,,,
108,Somaliland,Horn,Africa,Territory,Afars,Issas,Republic,Djibouti,History,Issa,Afar,March,Sultan,Raieta,Dini,Ahmet,Paris,Obock,"10,000","55,000",Captain,Alphonse,Fleuriot,Langle,Tadjoura,Somalis,Pingouin,Ambado,Nikolay,Ivanovitch,Achinov,Sagallo,Imperial,Ethiopian,Railway,Ethiopia,"15,000",Harar,Dire,Dawa,Zeila,Ogaden,Second,World,French,References,,,,
109,Paris,France,"2,165,423",34th,2020,City,Light,London,World,Region,"12,262,544",billion,Europe,Economist,Intelligence,Unit,Worldwide,Cost,Living,Survey,2021,Singapore,Aviv.Paris,Charles,Gaulle,Orly,5.23,million,Moscow,Metro,Gare,Nord,Japan,Louvre,COVID,Marmottan,Monet,Impressionist,Pompidou,Centre,National,Moderne,Rodin,Picasso,,,,,,
110,October,Heraclius,Constantinople,Byzantine,Emperor,Phocas,King,Louis,Pious,Holy,Roman,Empire,Pope,Fourth,Council,Photios,Treaty,Zamora,Alfonso,Castile,Portugal,Kingdom,Duke,Bavaria,Assassins,Venetian,Paolo,Sarpi,Revolution,Women,March,Versailles,Army,Northwest,Detroit,Killough,Texas,Saxby,Gale,Fundy,Canada,Eastman,Minnesota,United,States,Anthony,Falls,,,
111,Dreyfus,Third,Republic,L'Affaire,French,Francophone,December,Captain,Alfred,Alsatian,Embassy,Paris,Devil,Island,Guiana,five,Georges,Picquart,Army,Ferdinand,Walsin,Esterhazy,Zola,J'Accuse,L'Aurore,France,Sarah,Bernhardt,Anatole,Charles,Henri,Poincar,Clemenceau,Drumont,Libre,Parole,World,Dreyfusards,Catholic,Summary,Polytechnique,Mathieu,Bernard,Lazare,March,Colonel,Staff,,,
112,Florida,Southeastern,United,States,Gulf,Mexico,Alabama,Georgia,Bahamas,Atlantic,Ocean,Straits,Cuba,"65,758",22nd,million,Tallahassee,Jacksonville,Miami,Tampa,Orlando,Various,"14,000",Juan,Ponce,U.S.,Augustine,Spain,Great,Britain,27th,March,Seminole,Wars,Union,January,seven,Confederate,Civil,June,trillion,16th,Walt,Disney,World,,,,,
113,July,Siege,Jerusalem,Vespasian,Fortress,Antonia,Temple,Mount,Roman,Zealots,Kardam,Bulgaria,Byzantine,Emperor,Constantine,Battle,Marcellae,Rollo,Chartres,Richard,England,Duke,Normandy,Germano,Holy,Frederick,Pope,Gregory,Dominican,Guala,Kellistown,English,Roger,Mortimer,Earl,March,O'Byrnes,O'Tooles,Murchadha,Caomh,Chieftain,Leinster,Ottoman,Timurid,Ankara,Timur,Empire,Bayezid,,
114,Century,Magazine,United,States,Company,York,City,Roswell,Smith,Association,Scribner,Monthly,Forum,Josiah,Holland,Richard,Watson,Gilder,American,Civil,three,1880s,Times,London,Mark,Twain,Adventures,Huckleberry,Finn,Henry,James,Bostonians.Upon,Robert,Underwood,Johnson,Arthur,John,Glenn,Frank,"20,000",1887.The,Crowninshield,Philosophy,Christian,Religion,Novelist,Evangelical,Protestantism,,
115,Laos,Southeast,Asia,Indochina,Kingdom,Luang,Prabang,Franco,Siamese,Principality,Phuan,Champasak,King,Governor,General,French,World,Japan,Issara,April,Union,Treaty,First,Geneva,Conference,Cambodia,Ernest,Doudart,Lagr,Mekong,River,Cochinchina,Siam,Chulalongkorn,France,Auguste,Pavie,China,Black,Flag,Army,Additional,Hanoi,Flags,Kham,Paris,March,,,
116,Different,Anarchism,Social,Economic,Karl,Marx,Friedrich,Engels,1920s,Soviet,Union,Bloc,Britain,France,Sweden,Cold,Andrew,Vincent,Latin,Roman,Pierre,Leroux,Globe,Henri,Saint,Simon,Industrial,Revolution,Robert,Owen,Marie,Roch,Louis,Reybaud,Bolshevik,Vladimir,Lenin,Russia,Democratic,Labour,Party,Russian,Communist,Bolshevism,Leninism,Marxism,,,,
117,George,Nathaniel,Curzon,Marquess,Kedleston,Lord,Earl,Conservative,Viceroy,India,First,World,Leader,House,Lords,December,Cabinet,Prime,Minister,David,Lloyd,Policy,Committee,Secretary,State,Foreign,Affairs,Office,Bonar,Stanley,Baldwin,Alfred,Baron,Scarsdale,Rector,Derbyshire,Blanche,Joseph,Pocklington,Senhouse,Netherhall,Cumberland,Hall,Norman,Asia,Ellen,,,,
118,Trade,unions,Great,Britain,Industrial,Revolution,History,Unionism,Sidney,Beatrice,Webb,Karl,Marx,Australian,Bureau,Statistics,Lesson,United,Stand,James,Craft,Mystery,Oddfellows,Adam,Smith,Wealth,Nations,Book,Guilds,Assyria,Sumer,Sargon,Akkad,2334,Naram,Codex,Hammurabi,Minya,Egypt,Nerva,Antonine,Temple,Antinous,Antino,Aegyptus,Lanuvium,,,,
119,Joseph,Chamberlain,Liberal,Ireland,Unionist,Conservatives,Nobel,Peace,Prize,Austen,Prime,Minister,Neville,Birmingham,Party,Elementary,Education,Church,England,House,Commons,President,Board,Trade,Gladstone,Government,Lord,Salisbury,Programme,three,Irish,Home,Rule,Conservative,Workmen,Compensation,Secretary,State,Colonies,Asia,Africa,West,Indies,Boer,South,Khaki,Election,Cabinet,,
120,December,Banquet,King,Birger,Sweden,Valdemar,Duke,Finland,Eric,Castle,League,Cambrai,Pope,Julius,Louis,France,Maximilian,Holy,Roman,Emperor,Ferdinand,Aragon,Venice,Martin,Luther,Exsurge,Domine,Wittenberg,Elster,Gate,Thomas,Culpeper,Francis,Dereham,Catherine,Howard,Queen,England,Henry,VIII,Defeat,Battle,Dungeness,Commonwealth,Royal,Netherlands,Marine,Corps,,
121,Pope,Stephen,Lucius,23rd,Catholic,Church,Novatianism,Emperor,Tang,three,hundred,Richard,England,Berengaria,Navarre,Cyprus,Queen,Antipope,Nicholas,Rome,Bishop,Venice,University,Poland,Krak,Alexander,Girolamo,Savonarola,Prince,Anhua,Zhifan,Ming,Zhengde,National,Marcos,Americas,Lima,Peru,Wars,Religion,Henry,France,Paris,Duke,,,,,,
122,June,Zhongdu,Jurchen,Emperor,Xuanzong,Mongols,Genghis,Khan,Battle,Alfonso,Castile,Residents,Riga,Grand,Duchy,Lithuania,Order,Turaida,John,Scotch,Anne,Boleyn,Queen,England,Charles,Ottomans,Tunis,Conquest,Roundheads,Maidstone,English,Civil,Start,Sumuroy,Revolt,Northern,Samar,Agustin,Dover,Louis,France,Secret,Treaty,Third,Anglo,Dutch,Baltic,,,
123,June,Battle,Flavius,Aetius,Attila,Romans,First,Genpei,Japan,Thirty,Years,Sack,Baltimore,Tarhoncu,Ahmed,Pasha,Grand,Vizier,Ottoman,Empire,Monmouth,Rebellion,James,Scott,Duke,King,England,Bridgwater,Black,Hole,Calcutta,U.S.,Congress,Seal,United,States,Oliver,Ellsworth,Federal,Convention,Deputies,Third,Estate,Tennis,Court,Oath,Louis,,,
124,Antoine,Henri,Becquerel,Nobel,Marie,Curie,Pierre,Prize,Physics,Biography,Paris,France,four,Louis,Grand,Polytechnique,Ponts,Chauss,Lucie,Jamin,Jean,Louise,Lorieux,Career,National,Naturelle,Department,Bridges,Highways,Earth,Wilhelm,Conrad,January,Crookes,Learning,Academy,Sciences,seven,three,Abel,Saint,Victor,Michel,Chevreul,Niepce,Edmond,,,,
125,Wednesday,Monday,Julian,1890th,Common,Anno,Domini,890th,90th,1890s,January,March,Kingdom,Italy,Eritrea,Horn,Africa,Michigan,Mackinaw,Black,River,Persia,Corsica,Alice,Sanger,White,House,Ultimatum,United,Portugal,Portuguese,Mozambique,Angola,Sleeping,Beauty,Tchaikovsky,Imperial,Mariinsky,Theatre,Petersburg,Russia,Mine,Workers,America,Nellie,February,,,,
126,February,Galeazzo,Santa,Sophie,Heiligen,Geist,Spital,Vienna,John,Fastolf,Battle,Herrings,Isabella,Islam,Crown,Castile,Muslim,Christianity,Vasco,Gama,Lisbon,Portugal,India,Santiago,Chile,Pedro,Valdivia,Korea,"3,000",Joseon,Kwon,"30,000",Siege,Haengju,Convention,Parliament,France,James,Roman,Catholic,British,Georgia,Englishman,Oglethorpe,13th,Thirteen,Colonies,,,
127,John,White,Howell,Thomas,Edison,IEEE,Medal,History,Incandescent,Lamp,Rutgers,University,College,City,York,Stevens,Institute,Technology,Brunswick,Jersey,December,Martin,Armstrong,Abigail,Lucetta,Edward,America,Marsh,Gibbon,England,Prior,Lynn,Massachusetts,Southampton,Long,Island,Richard,Elizabeth,Stephen,Mary,Jane,Economy,Electric,Lighting,Incandescence,Lights,Works,Menlo,Park,
128,Serbia,Draga,Royal,Serbian,Army,Captain,Dragutin,Dimitrijevi,Accession,Alexander,August,King,Milan,Queen,Natalie,Obrenovi,Greco,Turkish,nine,Belgrade,Karlsbad,Princess,Alexandra,Karoline,Schaumburg,Lippe,Charlotte,Prime,Minister,Vladan,Universal,Exhibition,Paris,Nicholas,Russia,Lieutenant,Nikodije,Austria,Hungary,million,Serbs,Ottoman,Empire,March,Assassination,,,,,
129,Yale,University,League,Haven,Connecticut,Collegiate,School,United,States,Colony,Congregational,Revolution,Graduate,Arts,Sciences,Corporation,West,England,2021,42.3,billion,Library,million,Bulldogs,NCAA,Division,October,2020,Nobel,five,four,Abel,Prize,three,Award,U.S.,Supreme,Court,Justices,College,Congress,MacArthur,Fellows,Rhodes,Scholars,Marshall,Guggenheim,nine,,
130,John,Ernst,Worrell,Keely,Philadelphia,Motor,Company,Jacob,Astor,Biography,Born,Chester,Pennsylvania,North,Twentieth,Street,York,"5,000,000",million,Vaporic,four,June,Luminiferous,Etheric,November,five,"10,000",England,"50,000",Times,"30,000.Keely","2,000",Clara,Jessup,Bloomfield,Moore,"100,000",December,Directors,Stockholder,January,Court,Common,Pleas,,,,,,
131,Liverpool,Merseyside,England,"498,042",United,Kingdom,2.24,Mersey,Estuary,hundred,West,Derby,Lancashire,County,Council,Industrial,Revolution,English,North,America,Cunard,White,Star,Lines,Titanic,Lusitania,Queen,Mary,Olympic,Beatles,London,Maritime,Mercantile,City,Pier,Head,Albert,Dock,William,Brown,Street,Premier,League,Everton,Grand,National,Aintree,Racecourse,World,
132,Pittsburgh,Commonwealth,Pennsylvania,Allegheny,County,Philadelphia,68th,U.S.,"302,971",2020,2.37,million,Ohio,Valley,Appalachia,27th,Castle,Weirton,West,Virginia,River,Monongahela,Steel,City,Bridges,Point,State,Park,Atlantic,Midwest,Mountains,Virginians,Whiskey,Rebels,Civil,York,Chicago,1970s,1980s,"675,000","370,000",University,Medical,Center,Carnegie,Mellon,Numerous,,,
133,William,Ewart,Gladstone,Prime,Minister,United,Kingdom,four,Chancellor,Exchequer,Liverpool,House,Commons,Tory,Conservative,Party,Robert,Peel,Peelite,Liberal,Lord,Aberdeen,Palmerston,Russell,People,Church,Ireland,Ottoman,Empire,Bulgarian,April,Uprising,Campaign,Third,Reform,Egypt,Back,Government,Bill,Lords,Irish,Home,Rule,March,Parliament,three,G.O.M.,Historians,Britain,
134,Jovan,Cviji,Royal,Academy,Sciences,University,Belgrade,Serbia,Loznica,Principality,Spasojevi,Piva,Herzegovina,Todor,House,Obrenovi,Katana,Uprising,Defenders,Constitution,Cvijo,First,Ottoman,Empire,Marija,Koremita,Jadar,three,Dinaric,French,German.He,Gymnasium,1884.After,Velika,Second,Male,Grammar,School,Karst,Vienna,Albrecht,Penck,Professor,Suess,Julius,Hann,Karstph,,,
135,Charles,Camille,Saint,October,December,Romantic,Introduction,Rondo,Capriccioso,Second,Piano,Concerto,First,Cello,Danse,Samson,Delilah,Third,Violin,Symphony,Carnival,Animals,Paris,Conservatoire,Merri,Madeleine,Empire,twenty,Europe,Americas,Schumann,Liszt,Wagner,Stravinsky,Musique,Classique,Religieuse,five,Gabriel,Faur,Maurice,Ravel,Life,Jacques,Joseph,Victor,Ministry,Interior,,
136,Wednesday,Monday,Julian,1890th,Common,Anno,Domini,890th,90th,1890s,January,March,Kingdom,Italy,Eritrea,Horn,Africa,Michigan,Mackinaw,Black,River,Persia,Corsica,Alice,Sanger,White,House,Ultimatum,United,Portugal,Portuguese,Mozambique,Angola,Sleeping,Beauty,Tchaikovsky,Imperial,Mariinsky,Theatre,Petersburg,Russia,Mine,Workers,America,Nellie,February,,,,
137,July,Twelve,Scillium,North,Africa,Christians,Christianity,Damasus,Fourth,Crusade,Constantinople,Byzantine,Alexios,Angelos,Yongle,Emperor,Ming,China,Hundred,Years,Charles,France,King,Reims,Cathedral,Joan,Battle,Castillon,Jean,Bureau,English,Earl,Shrewsbury,Gascony,George,Great,Britain,River,Thames,Frideric,Handel,Water,Music,Former,Peter,Russia,,,,
138,October,Heraclius,Constantinople,Byzantine,Emperor,Phocas,King,Louis,Pious,Holy,Roman,Empire,Pope,Fourth,Council,Photios,Treaty,Zamora,Alfonso,Castile,Portugal,Kingdom,Duke,Bavaria,Assassins,Venetian,Paolo,Sarpi,Revolution,Women,March,Versailles,Army,Northwest,Detroit,Killough,Texas,Saxby,Gale,Fundy,Canada,Eastman,Minnesota,United,States,Anthony,Falls,,,
139,December,Emperor,Constantinople,Roman,Abbasid,Mutawakkil,Turkish,Muntasir,Start,Anarchy,Samarra,Byzantine,Nikephoros,Phokas,Theophano,John,Tzimiskes,Michael,Empress,Byzantium,Eastern,Empire,Battle,Orewin,Bridge,Llywelyn,Gruffudd,Wales,Cilmeri,Builth,Wells,Charles,Emmanuel,Duke,Savoy,Philip,Spain,Geneva,Root,Branch,"15,000",Long,Parliament,Antonio,Rafael,Lake,,,,
140,Edward,William,Elgar,Baronet,June,February,English,Enigma,Variations,Pomp,Circumstance,Marches,Gerontius,Master,King,Musick,England,Europe,Protestant,Britain,Catholicism,Army,Dream,Roman,Catholic,Anglican,Biography,Lower,Broadheath,Worcester,Henry,Dover,London,Greening,seven,George,Church,Cherubini,Hummel,Three,Choirs,Festival,eight,Worcestershire,Billy,Reed,Wand,,,
141,1890s,1880s,Thomas,Edison,George,Westinghouse,Electric,Light,Company,June,Harold,Brown,York,Both,Thomson,Houston,City,General,three,World,Niagara,Falls,Brush,December,Broadway,"3,500",Illuminating,United,States,Europe,Alternating,Guillaume,Duchenne,Gramme,Ganz,Works,Ziani,Ferranti,Lucien,Gaulard,Galileo,Ferraris,Pavel,Yablochkov,John,Dixon,Gibbs,Z.B.D,,
142,February,Mongol,Baghdad,Mongols,Islamic,Golden,Greyfriars,Church,Dumfries,Robert,Bruce,John,Comyn,Wars,Independence,Scholastica,Oxford,England,Vasco,Gama,Lisbon,Portugal,India,Lord,Darnley,Mary,Queen,Scots,Kirk,Field,Edinburgh,Scotland,Huilliches,Chilo,Treaty,Paris,France,Quebec,Great,Britain,Battle,Champaubert,Russians,Prussians,Victoria,United,Kingdom,,,
143,June,Zhongdu,Jurchen,Emperor,Xuanzong,Mongols,Genghis,Khan,Battle,Alfonso,Castile,Residents,Riga,Grand,Duchy,Lithuania,Order,Turaida,John,Scotch,Anne,Boleyn,Queen,England,Charles,Ottomans,Tunis,Conquest,Roundheads,Maidstone,English,Civil,Start,Sumuroy,Revolt,Northern,Samar,Agustin,Dover,Louis,France,Secret,Treaty,Third,Anglo,Dutch,Baltic,,,
144,Americans,million,United,States,Census,Bureau,American,Community,Survey,1670s,Pennsylvania,York,Virginia,Mississippi,Company,France,Germans,Europe,Louisiana,Coast,Orleans,Territory,1750.Immigration,eight,seven,Oregon,U.S.,Germantown,Battle,Germany,World,Christmas,America.The,Americanized,German,Steuben,Parade,City,Saturday,September,Oktoberfest,Chicago,Cincinnati,Milwaukee,Pittsburgh,Antonio,,,,
145,1890s,Wordsworth,Donisthorpe,Crofts,London,Trafalgar,Square,Eadweard,Muybridge,Jules,Marey,George,Eastman,Thomas,Edison,William,Dickson,Kinetoscope,National,Federation,Women,Clubs,August,France,Charles,mile,Reynaud,Paris,Optique,Zoetrope,Company,Kodak,March,Patent,"493,426",Apparatus,Exhibiting,Photographs,Moving,Objects,Black,Maria,America,Kinetograph,Brooklyn,Institute,January,Fred,,
146,June,Roman,Nepotianus,Constantinian,Rome,Byzantine,Philippicus,Opsikion,Thrace,Anastasios,five,First,Crusade,Crusaders,Antioch,Peter,Abelard,Treaty,Novgorod,Russia,Norway,Finnmark,Hernando,Soto,Florida,Spain,Battle,Sesimbra,Samuel,Champlain,Tadoussac,Quebec,France,West,India,Company,Netherland,Pope,Alexander,Fran,Laval,James,Stuart,Duke,York,Dutch,Lowestoft,Jack,,
147,Manhattan,five,York,City,County,U.S.,State,Time,Zone,Northeast,United,Nations,Island,Hudson,East,Harlem,Roosevelt,Thant,Randalls,Wards,Islands,Marble,Hill,Ship,Canal,Bronx,three,Midtown,Upper,Wall,Street,Financial,District,Lower,Stock,Exchange,Nasdaq,trillion,"1,600",Fifth,Avenue,"3,000",2022,"5,000.00",Dutch,Republic,Amsterdam,English,,
148,July,Islamic,Battle,Spercheios,Tsar,Samuel,Byzantine,Nikephoros,Ouranos,River,Greece,Three,Roman,Churches,Papal,Excommunication,Hagia,Sophia,Saturday,East,West,Schism,Navas,Tolosa,Pope,Innocent,Kings,Alfonso,VIII,Castile,Sancho,Navarre,Peter,Aragon,Afonso,Portugal,Berber,Muslim,Almohad,Reconquista,Spain,Saint,Francis,Assisi,Arjona,Muhammad,Yusuf,Nasrid,,
149,1910s,December,Thomas,Edison,seven,Volta,Laboratory,Charles,Sumner,Tainter,Alexander,Graham,Bell,Chichester,Congress,Dictaphone,Corporation,Graphophone,Perfected,Phonograph,three,Cylinder,1890s,Records,Columbia,Gold,Moulded,hundred,Later,John,Philip,Sousa,Mark,Twain,Hard,March,Lambert,Company,Chicago,Record,Europe,Amberol,Blue,Records.Edison,Amberolas,Fireside,four,Decline,Disc,
150,Wednesday,Monday,Julian,1890th,Common,Anno,Domini,890th,90th,1890s,January,March,Kingdom,Italy,Eritrea,Horn,Africa,Michigan,Mackinaw,Black,River,Persia,Corsica,Alice,Sanger,White,House,Ultimatum,United,Portugal,Portuguese,Mozambique,Angola,Sleeping,Beauty,Tchaikovsky,Imperial,Mariinsky,Theatre,Petersburg,Russia,Mine,Workers,America,Nellie,February,,,,
151,July,Twelve,Scillium,North,Africa,Christians,Christianity,Damasus,Fourth,Crusade,Constantinople,Byzantine,Alexios,Angelos,Yongle,Emperor,Ming,China,Hundred,Years,Charles,France,King,Reims,Cathedral,Joan,Battle,Castillon,Jean,Bureau,English,Earl,Shrewsbury,Gascony,George,Great,Britain,River,Thames,Frideric,Handel,Water,Music,Former,Peter,Russia,,,,
152,December,Pepin,Herstal,Jupille,Theudoald,Plectrude,Kingdom,Lushan,Chancellor,Yang,Guozhong,Yanjing,Rebellion,Tang,China,Hundred,Years,Henry,England,King,France,Notre,Dame,Paris,Vasco,Gama,Great,Fish,River,Africa,Bartolomeu,Dias,Portugal,8.5Mw,Valdivia,Chile,Year,Battle,Noryang,Seven,Korean,Interregnum,Oliver,Cromwell,Lord,Protector,Commonwealth,Scotland,Ireland,Convention
153,Walther,Rathenau,First,World,Foreign,Minister,Weimar,Republic,Treaty,Rapallo,Russia,Germany,Organisation,Consul,Berlin,Nazis,Emil,Allgemeine,Elektrizit,Gesellschaft,Mathilde,Nachmann.He,Strasbourg,August,Kundt,Germany.He,Bitterfeld,Erich,Heart,Manchester,Buenos,Aires,Baku,Madrid,East,Africa,High,Berliner,Tageblatt,Vienna,Moltke,Materials,Department,Ministry,March,Belgium,,,,
154,Thomson,Houston,Electric,Company,General,History,United,States,Lynn,Massachusetts,Charles,Coffin,Elihu,Edwin,American,Britain,Connecticut,Ave.,Lynn.Charles,Elwin,Rice,Model,Room,"10,000,000",4000,International,G.A.R,Hall,Houston.In,Boston,Railroad,Highland,Circuit,Massachusetts.In,Brush,Edison,Schenectady,York,British,Laing,Wharton,Down,Associated,Electrical,Industries,Metropolitan,,,,
155,Nations,Indigenous,Inuit,First,Canada,Arctic,Circle,Roughly,Ontario,British,Columbia.Under,Charter,Statistics,Canada.North,American,Cascadia,Tseax,Cone,Written,Discovery,United,States,Australia,South,Africa,Terminology,Collectively,Americas,1980s,Indians,1970s,Indian,Nation,Canadian,Crown.The,North,America,East,Indies,Native,Americans,Autochtone,Royal,Proclamation,Magna,Carta,Crown,Australians,U.S.,
156,Tuesday,Sunday,Julian,1889th,Common,Anno,Domini,889th,89th,10th,1880s,January,March,California,Nevada,Paiute,Wovoka,Ghost,Dance,Dakotas,Marine,Hospital,Service,United,States,President,Grover,Cleveland,Corps,U.S.,Public,Health,Commissioned,Preston,North,Football,League,England,Herman,Hollerith,Coca,Cola,Company,Pemberton,Medicine,Atlanta,,,,
157,June,Battle,Flavius,Aetius,Attila,Romans,First,Genpei,Japan,Thirty,Years,Sack,Baltimore,Tarhoncu,Ahmed,Pasha,Grand,Vizier,Ottoman,Empire,Monmouth,Rebellion,James,Scott,Duke,King,England,Bridgwater,Black,Hole,Calcutta,U.S.,Congress,Seal,United,States,Oliver,Ellsworth,Federal,Convention,Deputies,Third,Estate,Tennis,Court,Oath,Louis,,,
158,Joan,Siege,Compi,Girolamo,Savonarola,Florence,Italy,King,Henry,VIII,Catherine,Aragon,Louis,Nassau,Jean,Ligne,Duke,Arenberg,Battle,Heiligerlee,Eighty,Years,Official,Second,Virginia,Charter,Defenestration,Prague,Thirty,John,Churchill,Marlborough,Marshal,Fran,Neufville,Villeroy,Ramillies,South,Carolina,United,States,Constitution,Famars,Flanders,Campaign,Coalition,Accordion,,,
159,Osaka,Kansai,Honshu,Japan,Prefecture,Tokyo,Yokohama,million,2020,Keihanshin,Metropolitan,Area,10th,Kofun,Meiji,Restoration,1900s,Taish,Exchange,Panasonic,Sharp,University,Famous,Castle,Aquarium,Kaiyukan,Shinsekai,Tenn,Park,Abeno,Harukas,Sumiyoshi,Taisha,Grand,Shrine,Shitenn,Etymology,Naniwa,1496.By,Hamamatsu,Utakuni,Setsuyo,Ochiboshu,City,Yayoi,Seto,,,,
160,Wednesday,Monday,Julian,1890th,Common,Anno,Domini,890th,90th,1890s,January,March,Kingdom,Italy,Eritrea,Horn,Africa,Michigan,Mackinaw,Black,River,Persia,Corsica,Alice,Sanger,White,House,Ultimatum,United,Portugal,Portuguese,Mozambique,Angola,Sleeping,Beauty,Tchaikovsky,Imperial,Mariinsky,Theatre,Petersburg,Russia,Mine,Workers,America,Nellie,February,,,,
161,June,Assyrians,Louis,Italy,Rome,Sergius,Battle,King,Robert,France,Charles,Simple,Duke,Rudolph,Burgundy,Fimreite,Birkebeiner,Sverre,Sigurdsson,Magnus,Norway,John,England,Magna,Carta,Northern,Crusades,Lindanise,Duchy,Estonia,Frederick,Austria,Babenberg,Bilbao,Rozgony,Hungary,Palatine,Amade,Kosovo,Ottoman,Empire,Serbs,Bosnians,Onon,River,Mongol,Oljei,Temur,Yongle,Emperor
162,Overhead,Traction,Trolley,International,Union,Railways,Overview,Electric,Depot,Compound,1970s,Pirelli,Construction,Company,Parallel,Trams,three,Soviet,Sizes,0.04,Copper,Slovenia,"1,970",MPAs,Breaks,Lines,Booster,Transformer,Pantograph,Long,Backdoor,France,South,Africa,United,Kingdom,Automatic,Warning,System,Lineside,Pennsylvania,Railroad,eight,,,,,,,
163,Jonathan,Adolf,Wilhelm,Zenneck,Braun,Ruppertshofen,Evangelical,Theological,Seminary,Maulbronn,Blaubeuren,Latin,Greek,French,Hebrew,University,Theodor,Eimer,Middle,Ferdinand,Physikalisches,Institut,Strasbourg,Alsace,Nikola,Tesla,North,Cuxhaven,Germany,Danzig,Technische,Hochschule,Braunschweig,Electromagnetic,Oscillations,Wireless,Telegraphy,Badische,Anilin,Sodafabrik,Ludwigshafen,Physics,Institute,Maxwell,Later,World,Marines,Karl,,
164,Beaux,Arts,Institute,Design,East,44th,Street,Turtle,Manhattan,York,City,Lloyd,Warren,John,Harbeson,.Also,Ecole,Permanent,Mission,Arab,Republic,Egypt,United,Nations,Origins,BAID,Society,Architects,States,National,Sculpture,History,75th,Courses,September,three,Mural,Painters,Architect,Frederic,Charles,Hirons,Dennison,Paris,Whitney,Wetmore,Carl,Conrad,,
165,Meiji,October,July,Empire,Japan,Emperor,Taish,1870s,Saig,Takamori,Satsuma,Rebellion,Hirobumi,Itagaki,Taisuke,Restoration,February,Prince,Mutsuhito,Chrysanthemum,Throne,122nd,November,Tokugawa,Yoshinobu,Imperial,January,Charter,Oath,Evil,Knowledge,June,Council,State,four,Rule,Kyoto,Tokyo,Tosa,Hizen,Shinto,"1,000",Buddhism,thousand,,,,,,
166,Paris,France,"2,165,423",34th,2020,City,Light,London,World,Region,"12,262,544",billion,Europe,Economist,Intelligence,Unit,Worldwide,Cost,Living,Survey,2021,Singapore,Aviv.Paris,Charles,Gaulle,Orly,5.23,million,Moscow,Metro,Gare,Nord,Japan,Louvre,COVID,Marmottan,Monet,Impressionist,Pompidou,Centre,National,Moderne,Rodin,Picasso,,,,,,
167,Stanford,White,McKim,Mead,Beaux,Arts,Washington,Square,Arch,Renaissance,Madison,Theatre,Harry,Kendall,Thaw,Evelyn,Nesbit,four,Trial,Century,York,City,Richard,Grant,Alexina,Black,Anglophile,John,LaFarge,Louis,Comfort,Tiffany,Frederick,Olmsted.White,Henry,Hobson,Richardson,Europe,September,Charles,Follen,William,Rutherford,Bessie,Springs,Smith,,,,
168,Francisco,Examiner,California,Monarch,William,Randolph,Hearst,Corporation,Clint,Reilly,Communications,2020,Weekly,History,Press,Confederacy,Democratic,Party,Abraham,Lincoln,June,Daily,George,Seven,U.S.,Senate,S.S.,Chamberlain,Paris,Arthur,McEwen,Ambrose,Bierce,Mark,Twain,Jack,London,Vienna,Mayerling,Incident,American,Philippines,Eagle,Chronicle,Call,April,Building,Third,,
169,Exposition,Universelle,Paris,France,October,eight,million,Eiffel,Tower,Organization,Storming,Bastille,Revolution,"61,722",five,Admission,Francs,"41,500,000","49,500,000",Universal,Expositions,National,Andorra,Argentina,Bolivia,Chile,Costa,Rica,Dominican,Republic,Ecuador,United,States,Greece,Guatemala,Haiti,Hawaii,Honduras,India,Japan,Morocco,Mexico,Monaco,Nicaragua,Norway,Paraguay,Persia,Saint,,
170,Australia,Maritime,Southeast,Asia,"50,000","65,000",Antarctic,Tasmania,Bass,Strait,Torres,Islanders,Papua,Guinea,"2,500",Cape,York,Peninsula,Europeans,Dutch,Willem,Janszoon,Later,Twenty,nine,Holland,Macassan,Lieutenant,James,Cook,Great,Britain,London,Botany,First,Fleet,British,January,Gold,Transportation,Empire,Commonwealth,United,States,Imperial,Japan,,,,
171,Leicester,LEST,Leicestershire,East,Midlands,England,River,Soar,National,Forest,Birmingham,Coventry,Nottingham,Peterborough,City,"348,300","18,500","329,839",11th,13th,United,Kingdom.Leicester,Midland,Main,Line,London,Stansted,Airport,Tigers,English,Legorensis,Anglo,Saxon,Chronicle,Ligera,Domesday,Book,Ledecestre.The,Ligore,Ligor,Brittonic,.The,Latin,History,Britons,Cair,,,,
172,Stephanus,Johannes,Paulus,Kruger,October,July,19th,South,Africa,President,African,Republic,Paul,Boer,Transvaal,Orange,Free,State,Britain,Second,Afrikanerdom,Cape,Colony,Great,Trek,Bible,Voortrekker,Andries,Pretorius,Sand,River,Convention,Commandant,General,Thomas,Fran,Burgers,Vice,March,three,London,Boers,First,Witwatersrand,Gold,Rush,Jameson,,,
173,February,Galeazzo,Santa,Sophie,Heiligen,Geist,Spital,Vienna,John,Fastolf,Battle,Herrings,Isabella,Islam,Crown,Castile,Muslim,Christianity,Vasco,Gama,Lisbon,Portugal,India,Santiago,Chile,Pedro,Valdivia,Korea,"3,000",Joseon,Kwon,"30,000",Siege,Haengju,Convention,Parliament,France,James,Roman,Catholic,British,Georgia,Englishman,Oglethorpe,13th,Thirteen,Colonies,,,
174,August,Pope,Eugene,Martinus,Battle,Lechfeld,Otto,Holy,Roman,Emperor,Magyars,Magyar,West,Maldon,English,Byrhtnoth,Ealdorman,Essex,Azaz,Byzantine,Romanos,Argyros,Mirdasid,Aleppo,Yekuno,Amlak,Ethiopia,Solomonic,Zagwe,Athenry,Bruce,Ireland,Jaume,Ferrer,Majorca,River,Gold,Senegal,Saint,Mathieu,League,Cambrai,Breton,Cordeli,Regent,Ferdinand,Magellan,five,Seville,
175,Alfred,Dreyfus,Europe,Born,Mulhouse,Alsace,nine,Rapha,Jeannette,Jewish,Franco,Prussian,Lorraine,Germany,Basel,Switzerland,Paris,October,Polytechnique,Fontainebleau,Thirty,Artillery,Regiment,Mans,First,Cavalry,Division,Bourges,April,Lucie,Hadamard,Pierre,Jeanne,Three,Guerre,College,Army,Staff,December,General,Bonnefond,Jews,Lieutenant,Picard,Learning,,,,,
176,December,Emperor,Constantinople,Roman,Abbasid,Mutawakkil,Turkish,Muntasir,Start,Anarchy,Samarra,Byzantine,Nikephoros,Phokas,Theophano,John,Tzimiskes,Michael,Empress,Byzantium,Eastern,Empire,Battle,Orewin,Bridge,Llywelyn,Gruffudd,Wales,Cilmeri,Builth,Wells,Charles,Emmanuel,Duke,Savoy,Philip,Spain,Geneva,Root,Branch,"15,000",Long,Parliament,Antonio,Rafael,Lake,,,,
177,December,Battle,Nineveh,Byzantine,Emperor,Heraclius,Khosrau,General,Rhahzadh,Maria,Enghien,Argos,Nauplia,Republic,Venice,Pennsylvania,Constitution,American,Civil,Cairo,Yazoo,River,Oaks,England,Joseph,Rainey,South,Carolina,U.S.,Guglielmo,Marconi,Signal,Hill,John,Newfoundland,Shikai,Empire,China,Father,Edward,Flanagan,Boys,Town,Lebensborn,Project,Heinrich,Himmler,Second,,
178,United,States,"5,280",English,"1,760",Commonwealth,"1,609.344",Roman,Romans,"5,000",Elizabethan,England,Empire,Geological,Survey,2022,International,System,Units,Liberia,Kingdom,million,Middle,Germanic,Parliament,Foreign,Antonine,Itinerary,Abbreviation,National,Institute,Standards,Technology,Historical,"1,000",Well,Agrippa,Imperial,"1,618",Hellenic,Byzantine,Milion,Mese,Hagia,Sophia,Europe,Forum,,,
179,United,States,America,U.S.,five,nine,Great,Britain,Nicknames,Stars,Stripes,Glory,Star,Spangled,Banner,History,July,Eisenhower,August,Grand,Union,Flag,Colors,Jack,December,Continental,Navy,Lieutenant,John,Paul,Jones,Captain,Esek,Hopkin,Alfred,Delaware,River,June,Declaration,Independence,Congress,American,George,Henry,Preble,Flag.The,East,India,,
180,July,Rome,Roman,Emperor,Anthemius,Peter,Basilica,Byzantine,Michael,Armenian,Treaty,Saint,Clair,Epte,Charles,Simple,Rollo,Normandy,Baldwin,King,Jerusalem,Raymond,Count,Tripoli,William,Tyre,Battle,Golden,Spurs,France,Luxembourg,Bohemia,Romans,Zheng,Ottoman,Interregnum,Musa,Edirne,Giuliano,Rovere,North,Atlantic,Ocean,Northwest,Passage,Martin,Frobisher,Greenland,,
181,January,December,Slavery,Europe,Americas,Industrial,Revolution,Countries,Rhineland,Northern,Italy,Northeastern,United,States,Second,Islamic,South,Asia,Southeast,Africa,Mughal,France,Napoleonic,Wars,Russia,Central,Caucasus,Ottomans,Westernization,Tanzimat,Middle,East,Balkans,North,Maratha,Sikh,India,Company,Rebellion,Crown,Britain,Canada,Australia,Britannica,Morse,,,,,
182,February,Alaric,Visigoths,Breviary,Roman,Battle,Heath,King,Louis,France,Norse,Great,Heathen,Army,Saxony,Translatio,Pope,John,Otto,Holy,Emperor,Conrad,Burgundy,Lincoln,Stephen,England,Empress,Matilda,Terra,Mariana,Latvia,Estonia,Nine,Torda,Wars,Mortimer,Cross,Owen,Tudor,Spaniard,Pedro,Mendoza,Buenos,Aires,Argentina,Scotland,Three,Kingdoms,Inverlochy,
183,Sunderland,Northern,England,City,Metropolitan,Tyne,Wear,Historic,County,Durham,North,East,Combined,Authority,Newcastle,River,Mackems,1980s,Jamie,three,Monkwearmouth,King,Ecgfrith,Northumbria,Benedict,Biscop,Jarrow,Abbey,Bishopwearmouth,Toponymy,Bede,History,Stone,Peter,Church,Neolithic,Hastings,Hill,Evidence,Roman,Empire,Brigantes,Vaux,Brewery,March,2021,Hylton,,,
184,August,Pope,Eugene,Martinus,Battle,Lechfeld,Otto,Holy,Roman,Emperor,Magyars,Magyar,West,Maldon,English,Byrhtnoth,Ealdorman,Essex,Azaz,Byzantine,Romanos,Argyros,Mirdasid,Aleppo,Yekuno,Amlak,Ethiopia,Solomonic,Zagwe,Athenry,Bruce,Ireland,Jaume,Ferrer,Majorca,River,Gold,Senegal,Saint,Mathieu,League,Cambrai,Breton,Cordeli,Regent,Ferdinand,Magellan,five,Seville,
185,June,King,Charles,Roquefort,Soulzon,Paul,London,Siege,Osaka,Tokugawa,Ieyasu,Castle,Japan,Battle,Hohenfriedberg,Frederick,Great,Prince,Alexander,Lorraine,Succession,Upheaval,England,Nova,Scotia,Canada,Acadians,Montgolfier,four,"1,500",Captain,George,Vancouver,Puget,Sound,Kingdom,Britain,Emmanuel,Sardinia,Victor,Louisiana,U.S.,Territory,Missouri,General,Lafayette,Revolutionary,Square,Buffalo,
186,Servius,Tullius,Rome,Etruscans,First,Halley,Comet,Alfonso,Castile,Toledo,Spain,Moors,Henry,Navigator,Order,Christ,Diet,Worms,Charles,Holy,Roman,Emperor,Edict,Martin,Luther,Sangui,Manchus,Great,Wall,China,Shanhaiguan,Beijing,Richard,Cromwell,Lord,Protector,England,Long,Parliament,Commonwealth,Dover,Convention,Scotland,Ireland,Restoration,Pennsylvania,Maryland,Conojocular,United,
187,Sunday,Friday,Julian,1899th,Common,Anno,Domini,899th,99th,10th,1890s,January,Cuba,Americas,Staten,Island,York,City,Bolivia,Puerto,Alonso,Republic,Acre,Jakarta,Kota,Anyer,Kidul,Java,Batavia,Zuid,Tangerang,Hungarian,Prime,Minister,Dezs,U.S.,President,William,McKinley,December,Philippines,United,States,Manila,General,Elwell,Otis,,,
188,Allis,Chalmers,U.S.,Company,Edward,Fraser,Gates,Iron,Works,Dickson,Manufacturing,1980s,1990s,Energy,AGCO,History,Overview,Author,Randy,Leffingwell,Metal,Financial,Former,Walter,Buescher,1800s,Reliance,Milwaukee,Wisconsin,James,Decker,Charles,Seville,George,Hinkley,William,Gray,Edwin,Reynolds,Corliss,Steam,Engine,America,Thomas,Chicago,Illinois,Canada,Scranton,Pennsylvania,
189,Charles,Babbage,Josip,Belu,Operation,Exposition,Universelle,Paris,Otto,Schultze,October,Mechanical,Volkswagen,Beetle,Chronometric,zero,Electronic,Bicycle,Typical,Error,Vehicle,Percentage,Diameter,25.4,70R14,614.6,50R15,576.0,1.067,106.7,12.8,International,United,Nations,Economic,Commission,Europe,Regulation,UNECE,Union,Conformity,,,,,,,,,
190,Bank,London,England,Berenberg,Barings,Francis,Baring,million,Nick,Leeson,Singapore,John,Company,Exeter,Bremen,Germany,Cheapside,Mincing,Lane,North,America,Amsterdam,Hope,Devonshire,Square,Maine.In,Thomas,Charles,Wall,Louisiana,Purchase,United,States,Britain,France,Napoleon,87.50,Alexander,Paris,Fran,Barb,Marbois,Public,Treasury,Henry,Brothers,three,Bishopsgate,,
191,Banca,Commerciale,Italiana,Italy,Cassa,Risparmio,Provincie,Lombarde,Banco,Ambroveneto,Intesa,January,Sanpaolo,Turin,History,Societ,Generale,Credito,Mobiliare,October,German,Bleichr,Deutsche,Bank,Dresdner,Giuseppe,Toeplitz,Varese,Istituto,Ricostruzione,Industriale,Roma,Italiano,Banking,Legnano,Popolare,Milano,International,World,Banque,Tunisienne,Comerciale,Italo,Brasiliano,Paolo,Svizzera,,,,
192,Nikola,Tesla,Many,United,States,Britain,Canada,U.S.,Patent,"334,823",Commutator,Dynamo,Electric,Machines,January,Drum,"335,786",February,"335,787",Automatic,"336,961",Regulator,March,Intermediate,"336,962",Auxiliary,Regulates,"350,954",October,Mechanical,"359,748",Improve,Facilitate,Reduce,Magnetic,Armature,Alternating,"381,968",Electro,Mode,Field,Magnet,Electrical,Economical,Transmission,Simple,Easier,Rotating,,
193,Boudreau,Paris,1880s,William,Klein,Albert,Duclos,History,Moghol,January,Excelsior,Romualdo,Marenco,Wagner,Lohengrin,Ernest,Dyck,Devri,Charles,Lamoureux,Madame,Angot,Anna,Judic,Jeanne,Granier,Dupuis,four,Orph,Christian,Lecocq,Baba,Lyrique,October,Samson,Dalila,Talazac,Bloch,jolie,Engel,Grand,November,Daudet,Sapho,Malade,Charpentier,Saint,,,
194,Imperial,Empire,Prussian,Kaiser,Wilhelm,Admiral,Alfred,Tirpitz,Thayer,Mahan,Britain,Royal,First,World,Battle,Jutland,Armistice,Seiner,Majest,Schiff,Coronel,hundred,Falkland,Islands,Great,Pommern,Germany,King,Prussia,Confederation,Kingdom,Article,Supreme,General,Infanterie,Albrecht,Stosch,Kiel,Baltic,Wilhelmshaven,North,Ministry,Admiralty,February,,,,,,
195,Futbol,Club,Barcelona,Catalonia,Spain,Swiss,English,German,Catalan,Joan,Gamper,UEFA,Liga,2020,Athletic,Bilbao,Real,Madrid,Catalonism,Francisco,Franco,2000s,2010s,Football,October,Deportes,Gimnasio,November,Eleven,Walter,Wild,Luis,Bartomeu,Terradas,Otto,Kunzle,Maier,Enric,Ducal,Pere,Cabot,Josep,Llobet,John,Parsons,William,,,,
196,Boxer,Rebellion,Uprising,Insurrection,Movement,China,Qing,Society,Righteous,Harmonious,Fists,Boxers,English,Sino,Japanese,North,Christian,Northern,Yellow,River,Shandong,Plain,Christians,June,Beijing,Support,Legation,Quarter,Alliance,American,Austro,Hungarian,British,French,German,Italian,Dagu,Fort,Tianjin,Empress,Dowager,Cixi,Imperial,Decree,Prince,Manchu,General,Ronglu,Eight,Nation
197,Johann,Life,Lubjassaare,Wast,Viljandi,County,Fellin,Livonia,Petersburg,Johan,Imperial,Academy,Arts,Paris,Berlin,Germany,Netherlands,Belgium,Alps,Milan,Geneva,Florence,Rome,Christ,Cross,Grand,Duchess,Maria,Aleksandrovna,Czar,Alexander,Vienna,Nice,Carl,Robert,Jakobson,Society,Estonian,Literati,Miscellaneous,Eesti,Post,Woman,Children,Stream,Italian,82.5,53.5,,
198,Joseph,Maurice,Ravel,Impressionism,Claude,Debussy,1920s,1930s,France,Born,Paris,Conservatoire,Mussorgsky,eight,Gaspard,Daphnis,Chlo,Life,Basque,Ciboure,Biarritz,Pierre,Versoix,Franco,Swiss,Marie,Delouart,Madrid,19th,Whirlwind,Death,Barnum,Bailey,Circus,1903.Both,Roman,Catholics,three,Spanish,Roger,Nichols,seven,Henri,Ghys,Emmanuel,Chabrier,five,Charles,,
199,Paul,League,Patriots,Paris,Revue,Jean,Rebel,Fran,Juan,Strenner,Franco,Prussian,Battle,Sedan,Breslau,Antoine,Chanzy,Charles,Denis,Bourbaki,Switzerland,Commune,Nouveaux,Chants,L'Hetman,Vive,France,Gounod,Moabite,Henri,Martin,Faure,Ligue,Germany,"182,000",March,Chamber,Deputies,Britain,General,Georges,Boulanger,Patriotes,Angoul,Dreyfusard,President,February,Gaud,Roget,
